-- κ²μ„ μ΄λ²¤νΈ ν”λ«νΌ μ΄κΈ° λ°μ΄ν„°
-- μ΄ νμΌμ€ Gitμ— ν¬ν•¨λμ–΄ λ°°ν¬ μ‹ κΈ°λ³Έ λ°μ΄ν„°λ¥Ό μ‚½μ…ν•λ” λ° μ‚¬μ©λ©λ‹λ‹¤.

-- κΈ°λ³Έ κ²μ„ μ„¤μ •
INSERT OR REPLACE INTO games (id, name, enabled, attempts, spin_duration, settings) VALUES
('roulette', 'λ£°λ ›', 1, 3, 4, '{"animationType": "spin", "showPin": true}'),
('slot', 'μ¬λ΅―λ¨Έμ‹ ', 1, 3, 3, '{"reelCount": 3, "symbolCount": 8}'),
('capsule', 'μΊ΅μλ½‘κΈ°', 1, 3, 2, '{"capsuleCount": 6, "animationType": "float"}'),
('scratch', 'μ¤ν¬λμΉ', 1, 3, 1, '{"revealPercent": 70, "adTrigger": 30}');

-- λ£°λ › κ²½ν’
INSERT OR REPLACE INTO prizes (game_id, name, probability, color, sort_order) VALUES
('roulette', '1λ“±: μ¤νƒ€λ²…μ¤ κΈ°ν”„ν‹°μ½', 5, '#ff6b6b', 1),
('roulette', '2λ“±: 5,000 ν¬μΈνΈ', 10, '#4ecdc4', 2),
('roulette', '3λ“±: 3,000 ν¬μΈνΈ', 15, '#45b7d1', 3),
('roulette', 'κ½: λ‹¤μ κΈ°νμ—', 70, '#95a5a6', 4);

-- μ¬λ΅―λ¨Έμ‹  κ²½ν’
INSERT OR REPLACE INTO prizes (game_id, name, probability, color, emoji, sort_order) VALUES
('slot', 'JACKPOT! 10,000 ν¬μΈνΈ', 1, '#ffd700', 'π’π’π’', 1),
('slot', '5,000 ν¬μΈνΈ', 5, '#ff6b6b', 'π’π’π’', 2),
('slot', '3,000 ν¬μΈνΈ', 10, '#4ecdc4', 'β­β­β­', 3),
('slot', 'κ½: λ‹¤μ κΈ°νμ—', 84, '#95a5a6', 'πΆ', 4);

-- μΊ΅μλ½‘κΈ° κ²½ν’
INSERT OR REPLACE INTO prizes (game_id, name, probability, color, emoji, sort_order) VALUES
('capsule', '1λ“±: 10,000μ› μƒν’κ¶', 5, '#ffd700', 'π’', 1),
('capsule', '2λ“±: 5,000μ› μƒν’κ¶', 10, '#ff6b6b', 'π', 2),
('capsule', '3λ“±: 3,000μ› μƒν’κ¶', 15, '#4ecdc4', 'π‰', 3),
('capsule', 'κ½: λ‹¤μ κΈ°νμ—', 70, '#95a5a6', 'πΆ', 4);

-- μ¤ν¬λμΉ κ²½ν’
INSERT OR REPLACE INTO prizes (game_id, name, probability, color, emoji, sort_order) VALUES
('scratch', 'λ€λ°•! 50,000μ› μƒν’κ¶', 1, '#ffd700', 'π’', 1),
('scratch', 'μ¶•ν•! 10,000μ› μƒν’κ¶', 5, '#ff6b6b', 'π', 2),
('scratch', '3,000μ› μƒν’κ¶', 10, '#4ecdc4', 'π‰', 3),
('scratch', 'κ½: λ‹¤μ κΈ°νμ—', 84, '#95a5a6', 'πΆ', 4);

-- μ‹μ¤ν… μ„¤μ •
INSERT OR REPLACE INTO system_settings (key, value, description) VALUES
('site_name', 'λ­ν‚¤λΉ¤μ“°', 'μ‚¬μ΄νΈ μ΄λ¦„'),
('maintenance', 'false', 'μ κ²€ λ¨λ“'),
('ad_enabled', 'true', 'κ΄‘κ³  ν™μ„±ν™”'),
('max_daily_plays', '3', 'μΌμΌ μµλ€ μ°Έμ—¬ νμ'),
('prize_delivery_method', 'email', 'κ²½ν’ μ „λ‹¬ λ°©λ²•');
